{"resnet101": {"implementation_0": {"0": [1.0, 1.0, 1.0], "1": [0.5864661654135338, 0.6015037593984962, 0.6127819548872181], "2": [0.5338345864661654, 0.5526315789473685, 0.5300751879699248], "3": [0.5375939849624061, 0.5375939849624061, 0.5789473684210527], "4": [0.518796992481203, 0.5263157894736842, 0.5375939849624061]}, "implementation_1": {"0": [0.9924812030075187, 0.9962406015037594, 0.9962406015037594], "1": [0.5639097744360902, 0.6879699248120301, 0.650375939849624], "2": [0.6090225563909775, 0.6165413533834586, 0.6466165413533834], "3": [0.6240601503759399, 0.5488721804511278, 0.6390977443609023], "4": [0.5902255639097744, 0.5488721804511278, 0.5789473684210527]}, "implementation_2": {}}, "vgg19": {"implementation_0": {"0": [1.0, 1.0, 1.0], "1": [0.556390977443609, 0.5639097744360902, 0.5338345864661654], "2": [0.556390977443609, 0.5676691729323309, 0.5714285714285714], "3": [0.5300751879699248, 0.5225563909774437, 0.5451127819548872], "4": [0.5225563909774437, 0.5488721804511278, 0.5225563909774437]}, "implementation_1": {"0": [0.9887218045112782, 0.9548872180451128, 0.9887218045112782], "1": [0.5676691729323309, 0.5375939849624061, 0.5037593984962406], "2": [0.4849624060150376, 0.5112781954887218, 0.518796992481203], "3": [0.5075187969924813, 0.48120300751879697, 0.5225563909774437], "4": [0.4849624060150376, 0.5526315789473685, 0.5075187969924813]}, "implementation_2": {}}, "densenet169": {"implementation_0": {"0": [1.0, 1.0, 1.0], "1": [0.5601503759398496, 0.5526315789473685, 0.5150375939849624], "2": [0.5526315789473685, 0.5263157894736842, 0.518796992481203], "3": [0.5300751879699248, 0.5, 0.5225563909774437], "4": [0.5488721804511278, 0.5037593984962406, 0.5902255639097744]}, "implementation_1": {"0": [0.9962406015037594, 0.9962406015037594, 1.0], "1": [0.5902255639097744, 0.631578947368421, 0.5977443609022557], "2": [0.5977443609022557, 0.5526315789473685, 0.5639097744360902], "3": [0.6015037593984962, 0.6203007518796992, 0.6278195488721805], "4": [0.5300751879699248, 0.6052631578947368, 0.5639097744360902]}, "implementation_2": {}}, "cornet2": {"implementation_0": {"0": [1.0, 1.0, 1.0], "1": [0.518796992481203, 0.5639097744360902, 0.5639097744360902], "2": [0.5676691729323309, 0.5413533834586466, 0.5676691729323309], "3": [0.5864661654135338, 0.5639097744360902, 0.5075187969924813], "4": [0.5225563909774437, 0.5300751879699248, 0.5601503759398496]}, "implementation_1": {"0": [0.9962406015037594, 0.9962406015037594, 0.9962406015037594], "1": [0.6654135338345865, 0.6729323308270677, 0.6729323308270677], "2": [0.6127819548872181, 0.6691729323308271, 0.5939849624060151], "3": [0.5939849624060151, 0.6390977443609023, 0.6052631578947368], "4": [0.5451127819548872, 0.6203007518796992, 0.5827067669172933]}, "implementation_2": {}}}